comment_id,comment_text,foods
48162662.0,خوب بود,[{'title': 'چلو جوجه کباب'}]
48125778.0,عالی بود,"[{'title': 'چلو جوجه کباب'}, {'title': 'نان'}]"
47740502.0,کیفیت عالی دمتون گرم,[{'title': 'زرشک پلو با مرغ ربی (ران)'}]
48163400.0,قیمه امروز سیب زمینی سرخ کرده نداشت.درحالی که توی منو سیب زمینی سرخ کرده نوشته شده!,[{'title': 'چلو خورشت قیمه'}]
48274009.0,کیفیت غذا با تصویر نمایش داده شده مغایرت دارد,[{'title': 'چلو جوجه کباب'}]
45260898.0,سلام فقط این سوپ ارسالی مرغ نداشت ،جو خالی بود,"[{'title': 'سوپ جو یک کیلوگرم'}, {'title': 'سالاد فصل'}, {'title': 'خوراک کباب کوبیده'}, {'title': 'خوراک کباب لقمه'}]"
45571694.0,سلام من خوراک کباب لقمه خواسته بودم با برنج قاطی شده ارسال کردند,"[{'title': 'چلو کره'}, {'title': 'خوراک کباب لقمه'}]"
46074227.0,خداقوت ، اگر طعم خورشت کرفس را بهتر کنید عالی میشه ، احساس کردم طعمش با ادویه های متفاوت خوش طعم تر بشه,"[{'title': 'چلو خورشت کرفس'}, {'title': 'ماست موسیر'}]"
46293996.0,سلام نه دیگ نداشت کره ها روی برنج گرم ،مچاله شده بودند,[{'title': 'چلو کره'}]
46052887.0,"زده برنج ایرانی
ولی ۱۰۰ درصد ایرانی نبود
قاطی داشت با برنج خارجی","[{'title': 'چلو خورشت قیمه'}, {'title': 'زرشک پلو با مرغ سرخ شده (ران)'}, {'title': 'خوراک جوجه کباب'}]"
47216931.0,"اب معدنی دسانی نبود
مارک ناشناخته و با کیفیت پایین گذاشته بودن که قیمتش هم‌از دسانی‌کمتر هست","[{'title': 'سوپ جو دو کیلوگرم'}, {'title': 'آب معدنی بزرگ دسانی'}]"
47878285.0,"پیشنهاد میکنم به قیمت توجهی نکنید کیفیت افتضاح بود .
برنجش که فکر کنم برای یه هفته پیش بود خیلی بوی بد میداد مرغشم تعریفی نداشت",[{'title': 'زرشک پلو با مرغ ربی (ران)'}]
45404958.0,غذا کاملا سرد بود,"[{'title': 'چلو کباب کوبیده'}, {'title': 'نوشابه بطری سون آپ'}]"
46908191.0,سلام و درود من مشتری همیشگی شما هستم و برای اولین بار خورشت قرمه سبزی گرفتم ، اصلا طعم مطلوبی نداشت،لطفا به آشپزتون بگین از ادویه های مخصوص و لیمو امانی استفاده کنن ،واقعا جالب نبود,"[{'title': 'چلو خورشت قورمه سبزی'}, {'title': 'ماءالشعیر بطری عالیس استوایی'}]"
48421793.0,"آقای مینا متشکرم
داغ ، سریع ، جذاب  خدا بهت خیر و برکت بده سلطان","[{'title': 'استامبولی با گوشت'}, {'title': 'خوراک کباب کوبیده'}]"
45264307.0,گوشت بسیار بی کیفیت، تلخ و بد بو، اصلا قابل خوردن نبود درجا دور ریخته شد.,"[{'title': 'خوراک گوشت'}, {'title': 'خورشت کرفس(اضافه)'}]"
47843385.0,سلام تاخیر در آوردن و ران مرغ ها خیلی کوچک بود.متاسفانه,[{'title': 'خوراک مرغ سرخ شده (ران)'}]
47914617.0,خوبه، فقط ته دیگ بزارین بهتره,"[{'title': 'چلو جوجه کباب'}, {'title': 'پک قاشق چنگال'}]"
47177731.0,"گوشت بسیار سفت و ناجور و سوخته کوبیده ها هم مغزپخت نبود
 از رستوران مینا با این اسم و رسم و قدمت توقع نداشتیم!
غذا مورد پسند نبود و بی سختی جویده شد",[{'title': 'چلو کباب سلطانی'}]
46907745.0,غذا فاقد گوجه کبابی بود . در حالی که زمان سفارش جز سفارش بوده. از رستوران مینا این مورد بعید بود .,[{'title': 'کباب کوبیده (یک سیخ)'}]
45114830.0,کیفیت پایین، گوشت یخی و کاملا سفت، برنج درجه دو، بسته بندی نامناسب به طوریکه از ظرفهای پلاستیکی بدون درب که روش رو با نایلون بسته بندی کرده بودند که غذا کاملا روش عرق کرده بود، متاسفانه بنده با مطالعه نظرسنجی از اینجا برای اولین بار سفارش دادم که کاملا فقط میشه توقع یک غذای معمولی رو به پایین رو داشت.,"[{'title': 'چلو کباب برگ'}, {'title': 'چلو کباب وزیری'}, {'title': 'نوشابه خانواده کوکا کولا'}, {'title': 'ماست موسیر'}, {'title': 'زیتون پرورده'}]"
45665047.0,"باسلام خدمت مدیر استامبولی کاملا بیرنگ و بو بود توش پر از سرقیچی مرغ بود همراه با پوست و استخوان یعنی اگر مرغ نمیداشت خیلی بهتر بود کباب هم فوق العاده چربیش بالا بود بوی دنبه میده 
بسته بندی خوب خیارشور ها ضعیف","[{'title': 'استامبولی با گوشت'}, {'title': 'نان'}, {'title': 'کباب کوبیده (یک سیخ)'}]"
46144778.0,"غذا طعم‌سوختگی داشت 
چرا خورشت سوخته میفرستین؟","[{'title': 'چلو خورشت قورمه سبزی'}, {'title': 'سوپ جو یک نفره'}]"
46525933.0,نون اصلا نزاشتین دو تا تیکه کوچیک  اخه؟,[{'title': 'خوراک مرغ سرخ شده (ران)'}]
45727833.0,سلام پیشنهاد میشه خرید کنید کیفیت نسبتاً ب قیمت آیتم خوبه تشکر از تیم اسنپ,[{'title': 'چلو کباب کوبیده'}]
48037143.0,سفارش رو حضوری گرفتم ، برخورد شون خیلی صمیمانه و گرم بود، غذا هم گرم و خوشمزه بود. با تشکر از مجموعه خوب رستوران مینا,"[{'title': 'چلو جوجه کباب'}, {'title': 'نان'}]"
48050982.0,خیلی عالی بود ممنونم,"[{'title': 'چلو جوجه کباب'}, {'title': 'زرشک پلو با مرغ ربی (ران)'}]"
48416342.0,خدایش هم غذا عالی بود هم قیمت مناسب مرسی از همه,"[{'title': 'چلو جوجه کباب'}, {'title': 'نان'}, {'title': 'پک قاشق چنگال'}]"
47848114.0,بسته بندی خوبی نداشت,[{'title': 'چلو جوجه کباب'}]
47641339.0,اصلا کیفیت غذا خوب نبود جوجه هیچ مزه ای نداشت و بعضی از قسمتاش سوخته و بعضی جاهای دیگش خام بود,"[{'title': 'چلو جوجه کباب'}, {'title': 'پک قاشق چنگال'}]"
46230059.0,غدا یکسان ریخته نشده بود  تو ظرف خورش  تو یکی از ظرف ها برنج بود,[{'title': 'استامبولی با گوشت'}]
46894693.0,سلام، ته دیگ نداشت,[{'title': 'چلو کباب وزیری'}]
47915112.0,باریکلا,"[{'title': 'چلو جوجه کباب'}, {'title': 'پک قاشق چنگال'}]"
47915134.0,ته دیگ بزارین,"[{'title': 'چلو جوجه کباب'}, {'title': 'پک قاشق چنگال'}]"
46415766.0,"هلو عالیس خواسته بودم
استوایی هی دی ارسال کردید
حجم کم و کیفیت پایین برنج خیلی آزاردهنده بود....
کباب ها خوشمزه و پخته نبود
راضی نبودیم","[{'title': 'چلو کباب کوبیده'}, {'title': 'زیتون پرورده'}, {'title': 'ماءالشعیر خانواده عالیس هلو'}]"
45510154.0,خوب بود,"[{'title': 'زرشک پلو با مرغ ربی (ران)'}, {'title': 'نان'}]"
46751036.0,عالی بود,"[{'title': 'ته دیگ زعفرانی'}, {'title': 'زرشک پلو با مرغ سرخ شده (ران)'}, {'title': 'نوشابه بطری فانتا پرتقالی'}]"
45673032.0,عالی بود فقط یکمی سرد شده بود,"[{'title': 'زرشک پلو با مرغ ربی (ران)'}, {'title': 'ته دیگ زعفرانی'}, {'title': 'لیموناد شیشه ای زمزم'}]"
46336858.0,خوب بود مثل همیشه مرغ سرخ شده فقط کمی سرد بود,"[{'title': 'استامبولی با گوشت'}, {'title': 'زرشک پلو با مرغ سرخ شده (ران)'}, {'title': 'سالاد فصل'}]"
46319461.0,مثل همیشه عالی,"[{'title': 'ته دیگ زعفرانی'}, {'title': 'خوراک کباب برگ'}, {'title': 'کباب لقمه (یک سیخ)'}]"
46615411.0,عالی بود ، خیلی ته دیگ گذاشته بودید ممنونم ازتون حسابی چسبید,"[{'title': 'چلو جوجه کباب'}, {'title': 'ته دیگ زعفرانی'}]"
46763647.0,"با سلام تحویل سریع 
یکم کیفیت برنج پاین بود 
ولی داکل خوب","[{'title': 'چلو کباب کوبیده'}, {'title': 'چلو کباب وزیری'}, {'title': 'دوغ خانواده عالیس'}]"
45952642.0,خیلی ممنون از شما واقعا محصولات مرغوبی استفاده میکنین,"[{'title': 'ته دیگ زعفرانی'}, {'title': 'لیموناد شیشه ای زمزم'}, {'title': 'چلو جوجه کباب'}]"
45557649.0,ممنون از پرسنل محترم و زحمتکش و مدیریت رستوران مینا همه چی عالی ... خدا به کسب و کارتان برکت بده ... ممنونم,"[{'title': 'استامبولی با گوشت'}, {'title': 'نان'}, {'title': 'خورشت کرفس(اضافه)'}, {'title': 'نان'}, {'title': 'سوپ جو یک کیلوگرم'}, {'title': 'سالاد فصل'}]"
46114764.0,افتضاح، برنج ، طعم کیفیت واقعا پایین,"[{'title': 'سالاد فصل'}, {'title': 'دوغ شیشه ای آبعلی'}, {'title': 'چلو خورشت قورمه سبزی'}]"
46958811.0,"از کیفیت غذا راضی بودم
ممنون","[{'title': 'استامبولی با گوشت'}, {'title': 'سوپ جو یک کیلوگرم'}]"
45793778.0,عالی بود ممنونم,"[{'title': 'لیموناد شیشه ای زمزم'}, {'title': 'چلو جوجه کباب'}]"
46032099.0,غذا خیلی سرد بود,"[{'title': 'چلو کباب برگ'}, {'title': 'دوغ شیشه ای آبعلی'}, {'title': 'نوشابه بطری کوکا کولا'}]"
47767564.0,همه چی عالی,"[{'title': 'استامبولی با گوشت'}, {'title': 'دوغ خانواده عالیس'}]"
46167347.0,فوق العاده با کیفیت و عالی,"[{'title': 'زرشک پلو با مرغ ربی (ران)'}, {'title': 'سوپ جو یک نفره'}, {'title': 'ماست موسیر'}, {'title': 'سالاد فصل'}]"
46314896.0,همه چیزخوب بودفقط یک مشکل داشت که خیلی برشته شده بودجوجه کبابش,[{'title': 'چلو جوجه کباب'}]
48442123.0,خیلی عالی بود ممنون,"[{'title': 'چلو خورشت قیمه'}, {'title': 'چلو کباب وزیری'}]"
46129312.0,بسیار عالی بود، هم مرغ خوب و کامل پخته ضده بود و هم برنج و سالاد نسبت به قیمت حجم مناسبی داشت،ضمن اینکه به توضیحات توجه شده بود,"[{'title': 'زرشک پلو با مرغ ربی (ران)'}, {'title': 'نان'}, {'title': 'سالاد فصل'}, {'title': 'سس مایونز'}]"
46419893.0,خوب بود ممنون,"[{'title': 'استامبولی با گوشت'}, {'title': 'ته دیگ زعفرانی'}, {'title': 'نان'}, {'title': 'پک قاشق چنگال'}]"
47843788.0,عالی از همه نظر ..,"[{'title': 'چلو جوجه کباب'}, {'title': 'نوشابه بطری پپسی'}]"
46779322.0,عالی,"[{'title': 'خوراک کباب وزیری'}, {'title': 'سوپ جو یک کیلوگرم'}]"
48251083.0,سلام نمک نمک نمک نبود طعم خورش عالی ولی گوشت سفت بود غذا گرم و در کل خوشمزه بی نمک بود,"[{'title': 'چلو جوجه کباب'}, {'title': 'چلو خورشت قورمه سبزی'}]"
47680908.0,مثله همیشه عالی مشتری دائم شما,"[{'title': 'استامبولی با گوشت'}, {'title': 'ترشی مخلوط'}, {'title': 'دوغ بطری خوشگوار'}, {'title': 'نوشابه بطری فانتا پرتقالی'}, {'title': 'ماست ساده'}]"
45918382.0,خوب بود، همه خانواده راضی بودن، درود,"[{'title': 'چلو کباب بختیاری'}, {'title': 'چلو کباب برگ مخصوص'}, {'title': 'زیتون پرورده'}, {'title': 'ماست موسیر'}]"
45990124.0,در کل خوب بود، ولی کوبیده رو اصلن پیشنهاد نمیکنم. واقعن بد بود,"[{'title': 'چلو جوجه کباب'}, {'title': 'چلو کباب کوبیده'}, {'title': 'ماست موسیر'}, {'title': 'زیتون پرورده'}]"
47148904.0,کیفیت جوجه خوب نبودخوش طعم نبود. بسته بندی و ارسال خوب بود,[{'title': 'چلو جوجه کباب'}]
47162495.0,معمولی بود نسبت قیمت بد نبود ، جوجه از نظر بافت مناسب و نرم بود و پخته بود اما از نظر طعم اصلا مزه خاصی نمی‌داد و خوب مرینیت نشده بود برنج خوب بود توی دورچین هم جای نمک خالی بود,"[{'title': 'چلو جوجه کباب'}, {'title': 'نان'}, {'title': 'پک قاشق چنگال'}, {'title': 'نوشابه بطری کوکا کولا'}]"
45994664.0,خوب بود,"[{'title': 'زرشک پلو با مرغ ربی (ران)'}, {'title': 'چلو کباب کوبیده'}, {'title': 'ته دیگ زعفرانی'}, {'title': 'ترشی لیته'}]"
47243985.0,خوب بود فقط استامبولی خییلی چرب بود روغن کمتر بریزید لطفا :),"[{'title': 'استامبولی با گوشت'}, {'title': 'زیتون پرورده'}, {'title': 'سوپ جو یک نفره'}, {'title': 'سالاد فصل'}, {'title': 'سس مایونز'}]"
45366071.0,خیلی عالی بود ممنونم از شما,"[{'title': 'نوشابه بطری میرندا پرتقالی'}, {'title': 'چلو کباب وزیری'}]"
45552460.0,خسته نباشید واقعا عالی بود,"[{'title': 'چلو کباب سلطانی'}, {'title': 'نان'}, {'title': 'سوپ جو یک نفره'}, {'title': 'دوغ لیوان عالیس'}]"
45250182.0,خوب,"[{'title': 'لیموناد خانواده زمزم'}, {'title': 'چلو کره'}, {'title': 'چلو کباب وزیری'}]"
47050670.0,کیفیت بسته بندی غذا ومقدار چلو بسیار کم وغذا سرد شده بود,[{'title': 'چلو کباب کوبیده'}]
45710976.0,"خیلی خیلی خوشمزه و عالی بود مثل همیشه .
رستوران مینا تنها رستوران قدیمی ک هنوز کیفیت قبل رو حفظ کرده و غذای عالی با حجم زیاد تحویل مشتری میده .به جرات میتونم بگم مثل این رستوران تو مشهد نداریم ممنون از مدیریت محترم و کارکنان همچی عالی عالی عالی عالی",[{'title': 'کباب کوبیده (یک سیخ)'}]
47194001.0,حجم نان خیلی کم بود,"[{'title': 'خوراک جوجه کباب'}, {'title': 'پک قاشق چنگال'}, {'title': 'آب معدنی کوچک دسانی'}, {'title': 'زیتون پرورده'}]"
45197768.0,کباب برگش زیاد پخته نبود,"[{'title': 'چلو کباب برگ مخصوص'}, {'title': 'پک قاشق چنگال'}, {'title': 'نوشابه بطری کوکا کولا'}]"
46291160.0,کیفیت و طعم غذا عاااالی بود،بسته بندی شیک و تمیز بود و به موقع غذا رو تحویل گرفتیم.,"[{'title': 'زرشک پلو با مرغ ربی (ران)'}, {'title': 'پک قاشق چنگال'}, {'title': 'زرشک پلو با مرغ سرخ شده (ران)'}, {'title': 'سالاد فصل'}, {'title': 'سس مایونز'}, {'title': 'ماست موسیر'}]"
44944288.0,عالی بود مثل همیشه,"[{'title': 'سوپ جو یک نفره'}, {'title': 'چلو کباب وزیری'}]"
44944328.0,عالی بود,"[{'title': 'چلو کباب وزیری'}, {'title': 'سوپ جو یک نفره'}]"
30910729.0,استامبولی پر از ضایعات مرغ بود,"[{'title': 'استامبولی با گوشت'}, {'title': 'چلو جوجه کباب'}]"
18380971.0,"ترشی سفارش دادم = ماست فرستادن 
دلستر انگور سفارش دادم = بلوبری فرستادن 
بسیار متاسفم ","[{'title': 'زرشک پلو با مرغ ربی'}, {'title': 'پک قاشق چنگال'}, {'title': 'ترشی لیته'}, {'title': 'دلستر انگور عالیس'}]"
15456573.0,نوشیدنی رو ارسال نکرده بودن فقط یه تیکه گوشت کوچیک داشت درکل افتضاح بود,"[{'title': 'چلو خورشت قیمه'}, {'title': 'زیتون پرورده'}]"
17756441.0,"یه غذا رو پنج  هزار تومان پیک و بسته بندی گرفته... در صورتی که با رستوران ۴ تا خونه فاصله داشتیم  
حجم غذا بسیار کم بود 
ته دیگ هم شور بود
",[{'title': 'چلو جوجه کباب'}]
44270619.0,کل خورش ی دونه گوشت داشت واقعا از رستوران معتبری مثل شما بعیده,[{'title': 'خورشت قورمه سبزی (اضافه)'}]
23384093.0,سوپ و غذا شور-کیفیت برنج پایین,"[{'title': 'سوپ جو تک نفره'}, {'title': 'دلستر عالیس بطری استوایی'}, {'title': 'چلو کباب کوبیده'}]"
24056862.0,بجای دلستر استوایی ک سفارش داده بودم دلستر هلو دادن,"[{'title': 'چلو جوجه کباب'}, {'title': 'چلو کباب برگ'}, {'title': 'دلستر عالیس خانواده استوایی'}, {'title': 'سالاد فصل'}]"
20176161.0,کیفیت معمولی.غذا سرد، برای خوراک جوجه و کوبیده اصلا نون نذاشته بود و این خیلی عجیبه.یعنی باید خالی می خوردیم. واینکه هزینه ارسال خودش زیاده برای چی دیگه هزینه بسته بندی هم میگیرید؟,"[{'title': 'چلو کباب وزیری'}, {'title': 'پک قاشق چنگال'}, {'title': 'خوراک جوجه کباب'}, {'title': 'پک قاشق چنگال'}, {'title': 'کباب کوبیده (یک سیخ)'}]"
19983158.0,چلوکباب بختیاری عالی بود. اما سوپ   خیلی چرب بود و روغن زیاد روی آن بود بصورتی که اول فکر کردیم شله است. ,"[{'title': 'چلو کباب بختیاری'}, {'title': 'پک قاشق چنگال'}, {'title': 'نوشابه خانواده کوکا کولا'}]"
11886653.0,کباب که معلوم نبود چه گوشتی هست برنج هم کاملا مونده و رنگش تیره کیفیت خیلی خیلی ضعیف قورمه سبزی هم پیاز داغ هاش کاملا خام و زیر دندون مزه بدی داشت,"[{'title': 'چلو کباب کوبیده'}, {'title': 'چلو خورشت قورمه سبزی'}]"
41335626.0,کباب ها سفت و نپخته بود,[{'title': 'خوراک کباب کوبیده'}]
18441803.0,"طعم و حجم غذا خوب بود
سرعت ارسال عالی بود
غذا کاملا داغ بود
اما سوپ یه مقدار شل و بی مزه بود
مرغ ربی باید یکم سس داشته باشه که خب این مرغ هیچ سسی نداشت و فقط یکم روغن توی ظرف بود","[{'title': 'زرشک پلو با مرغ ربی'}, {'title': 'پک قاشق چنگال'}, {'title': 'دلستر عالیس بطری هلو'}, {'title': 'دلستر عالیس بطری استوایی'}, {'title': 'سوپ جو'}, {'title': 'سالاد فصل'}, {'title': 'سس مایونز'}]"
17326425.0,"غذا بد نبود با توجه به قیمت اصلی منهای 25درصد تخفیف.
پیشنهادات :تجدید نظر در نوع بسته بندی .
قرار دادن نان به همراه کباب برای مصرف کننده.
",[{'title': 'کباب کوبیده (یک سیخ)'}]
17377119.0,"بسیار عالی بود 
کیفیت غذا عالی 
برخورد پیک عالی
بسته بندی شیک و وکیوم شده
دورچین و مخلفات عالی بود
ته دیگ - فلفل - پیاز- کلم سرکه ای- سس انار -کره -نان
همه اینا همراه غذا بود
پیشنهاد میکنم مرغ ابن رستوران رو امتحان کنید
",[{'title': 'زرشک پلو با مرغ'}]
23951979.0,با احترام قیمت برای این کیفیت غذا زیادبود,"[{'title': 'چلو کباب کوبیده'}, {'title': 'دلستر عالیس بطری استوایی'}]"
44535660.0,"کباب شور
برنج شفته
سوپ بیشتر آب رب بود تا سوپ","[{'title': 'سوپ جو یک کیلوگرم'}, {'title': 'چلو کباب کوبیده'}, {'title': 'دوغ لیوان عالیس'}, {'title': 'زیتون پرورده'}]"
18108372.0,"غذا خوب بود ،برخورد پیک خوب بود ،به توضیحات توجه کرده بودن فقط اگه دورچین رو از خود گوشت جدا بذارن بهتره چون طعم گوشت خالص تر میمونه اینجوری 
ممنون","[{'title': 'چلو گوشت'}, {'title': 'نان'}]"
30766563.0,برنج ایرانی زدین که قاطی داشت هندی پاکستانی,"[{'title': 'چلو جوجه کباب'}, {'title': 'نوشابه بطری کوکا کولا'}]"
18427373.0,بسیار خوشمزه و عالی,[{'title': 'زرشک پلو با مرغ ربی'}]
49409857.0,من از غذا راضی بودم .,[{'title': 'چلو خورشت قیمه'}]
49446121.0,مثل همیشه عالی,[{'title': 'چلو جوجه کباب'}]
49483518.0,عالی بود,"[{'title': 'چلو جوجه کباب'}, {'title': 'نان'}]"
49466580.0,کباب خیلی چرب بود,"[{'title': 'سوپ جو یک کیلوگرم'}, {'title': 'چلو کباب کوبیده'}, {'title': 'پک قاشق چنگال'}, {'title': 'چلو کباب سلطانی'}, {'title': 'پک قاشق چنگال'}, {'title': 'ماءالشعیر خانواده عالیس لیمو'}]"
49463767.0,غذا گرم بود بسته بندی هم خوب بود ولی خورشت نبود همش روغن خالی,"[{'title': 'چلو خورشت قورمه سبزی'}, {'title': 'سوپ جو یک نفره'}, {'title': 'ماست موسیر'}]"
49935821.0,برنجش خیلی کم بود,[{'title': 'چلو جوجه کباب'}]
49916238.0,"سلام
طعم غذا خوب و خوشمزه بود",[{'title': 'چلو جوجه کباب'}]
49878630.0,گوشت سفت سفت،برنج بد اصلا راضی نبودم,"[{'title': 'چلو کباب سلطانی'}, {'title': 'نوشابه خانواده'}]"
49830013.0,فقط برنج خیلی سرد بود,"[{'title': 'چلو کباب کوبیده'}, {'title': 'نان'}, {'title': 'پک قاشق چنگال'}, {'title': 'ماست ساده'}]"
49813942.0,نسبت به قیمت خوب بود واقعا,"[{'title': 'چلو کباب سلطانی'}, {'title': 'نوشابه خانواده'}]"
49607253.0,غذا سرد بدستم رسید در حدی که کره روی برنج باز نشد . برنج هم از نوع غیر ایرانی نامرغوب بود.,"[{'title': 'چلو کباب سلطانی'}, {'title': 'دوغ خانواده خوشگوار'}, {'title': 'نوشابه خانواده کوکا کولا'}]"
49638551.0,داخل توضیحات نوشته بودهمراه با نارنج و..امانداشت ولی درکل عالی بودش,[{'title': 'خوراک کباب وزیری'}]
49828069.0,"با تشکر از مدیریت محترم رستوران مینا ..
مثل همیشه غذا سفارش دادم خیلی عالی و خوشمزه بود .به جرات میتونم بگم جزو بهترین رستوران‌های مشهد هستین.من هفته ای حداقل ۳ بار سفارش میدم خدمتتون همیشه راضی هستم خدا به کسب کاراتون برکت بده ک نان حلال میبرین .خیلی خیلی متشکرم ازتون",[{'title': 'چلو جوجه کباب'}]
49809142.0,برنج خارجی با کیفیت ضعیف,"[{'title': 'چلو خورشت قیمه'}, {'title': 'زرشک پلو با مرغ سرخ شده (ران)'}, {'title': 'جوجه کباب (یک سیخ)'}]"
50347485.0,"نمیدونم مرغ بود یا کلا فلفل بود

سوختم از تندیش اصن مزه مرغو نفهیدم 
پیشنهاد نمیکنمم",[{'title': 'زرشک پلو با مرغ ربی (ران)'}]
50385567.0,مزه هیچی نمیداد بی نمک بدون ادویه ی مقدارم خام بود,[{'title': 'چلو کباب برگ مخصوص'}]
50332081.0,کیفیت پایین بود، جوجه خوب نپخته بود حجم برنج کم بود غذا سرد بود.,[{'title': 'چلو جوجه کباب'}]
50204598.0,اگه میخواهید پولتان را بریزید دور از این مجموعه سفارش بدید کیفیت افتضاح حجم غذا بسیار کم برام جای تعجب داشت که در نزدیکی حرم با این حجم از سفارش چنین مجموعه بد و بی کیفیتی شاهد باشم,[{'title': 'چلو خورشت قورمه سبزی'}]
50109377.0,من اشتباهی زدم تحویل در محل تماس گرفتم با رستوران بسیار خوش برخورد و همکاری کردن و با یه پیک دیگه فرستادن غذاش هم معمولی بود میتونست برنج کمتر چرب باشه,"[{'title': 'چلو جوجه کباب'}, {'title': 'پک قاشق چنگال'}]"
50244460.0,"سلام
از سرکار اومده بودم خسته و مونده
نزدیک افطار سفارش دادم
رستوران نیم ساعت زودتر آماده کرد و پیک الله اکبر اذان به دستم رسوند خدا هم به رستوران  هم به پیک برکت و رزق و روزی فراوان بده
طعم و کیفیت هم مثل همیشه عالی ما مشتری کبابهاتون هستیم واقعا دست مریزاد","[{'title': 'دوغ لیوانی خوشگوار'}, {'title': 'سالاد فصل'}, {'title': 'سس مایونز'}, {'title': 'سوپ جو یک نفره'}, {'title': 'خوراک کباب وزیری'}]"
50342945.0,هیچ گونه دور چین نداشت گوشتش طعم  نا مطبوعی داشت,"[{'title': 'چلو کباب سلطانی'}, {'title': 'چلو کره'}, {'title': 'چلو کباب وزیری'}]"
50201444.0,خیلی خوب بود با تشکر,[{'title': 'چلو جوجه کباب'}]
50243629.0,کوبیده خوب نبود ولی برگ کیفیت مناسبی داشت و راضی بودم در کل,"[{'title': 'چلو کباب سلطانی'}, {'title': 'پک قاشق چنگال'}, {'title': 'دوغ بطری خوشگوار'}]"
50321471.0,نسبت به قیمت خوب بود ممنون,"[{'title': 'دوغ خانواده خوشگوار'}, {'title': 'ماست موسیر'}, {'title': 'چلو جوجه کباب'}, {'title': 'چلو کباب کوبیده'}]"
50277920.0,مثل همیشه غذاتون لذید و خوشمزه بود تشکر میکنم از رستوران محترم مینا من پدرم حدود ۵۰ ساله مشتری شماس منم مشتری خودتونم همیشه خداییش راضی هستم از غذاتون همیشه هم از رفتار پرسنل هم از برخورد خود مدیریت ‌.همیشه عالی هستین .خیلی از رستوران‌ها اگ مهمان بودم رفتم ولی هیچکدوم به کیفیت غذای شما نمیرسه انشالا همیشه پر رزق و روزی باشین .ممنونم ازتون,[{'title': 'چلو خورشت قورمه سبزی'}]
50160048.0,کیفیت عالی قیمت فقط کمی بالاست که اون هم با این کیفیت باز هم خوب هست,[{'title': 'چلو جوجه کباب'}]
50191447.0,یکم سرد بود که باتوجه به سردی هوا طبیعی بود اما مثل همیشه خوشمزه بود,"[{'title': 'چلو کباب سلطانی'}, {'title': 'ماست موسیر'}]"
50633242.0,واقعا غذا کیفیت پایینی داشت غذا بوی دود میداد,"[{'title': 'چلو جوجه کباب'}, {'title': 'پک قاشق چنگال'}]"
50651297.0,غذا عالی نبود ولی نسبت به قیمت عالی بود,"[{'title': 'چلو کباب سلطانی'}, {'title': 'چلو جوجه کباب'}, {'title': 'دوغ خانواده خوشگوار'}, {'title': 'نوشابه بطری میرندا پرتقالی'}, {'title': 'ماءالشعیر بطری عالیس لیمو'}, {'title': 'خوراک کباب کوبیده'}]"
50649034.0,خیلی عالی بود خداخیرتون بده,"[{'title': 'چلو جوجه کباب'}, {'title': 'دوغ بطری خوشگوار'}]"
50553201.0,پرسی ۱۰۰ هزار تومان یه قورمه سبزی که یه تیکه گوشت داشت ، یه تیکه ته دیگ هم نداشت,"[{'title': 'سوپ جو یک نفره'}, {'title': 'چلو خورشت قورمه سبزی'}]"
50713074.0,هرچقدر کوبیده خوب بود، جوجه اصلا طعم خاصی نداشت,[{'title': 'خوراک کباب وزیری'}]
50539945.0,نمیدونم ۴۰۰ هزار تومن پول چیو میگیرن یه دونه گوجه کنار غذا نمیزارن جوجه هم نپخته بود,"[{'title': 'چلو کباب وزیری'}, {'title': 'ماءالشعیر خانواده عالیس هلو'}]"
50786060.0,نسبت به قیمت کیفیت خوبی داشت,"[{'title': 'چلو کباب کوبیده'}, {'title': 'نان'}, {'title': 'پک قاشق چنگال'}, {'title': 'استامبولی با گوشت'}, {'title': 'نوشابه بطری میرندا پرتقالی'}]"
50640171.0,خوب بود ممنون,[{'title': 'زرشک پلو با مرغ ربی (ران)'}]
50632767.0,ممنونم خوب بود,[{'title': 'چلو جوجه کباب'}]
50741354.0,معمولی بود طعمشوددوست نداشتم,[{'title': 'زرشک پلو با مرغ ربی (ران)'}]
50645561.0,"همه چی عالی بود، هم طعم و هم کیفیت، فقط تنها ایرادی که شاید میشد گرفت.
طعم جوجه به نسبت کوبیده، از طعم کمتری( منظور نمک و... ) برخوردار بود .در غیر این صورت سفارش واقعا کیفیت عالی و خوبی داشت .ممنونم از مجموعه ی خوب مینا .","[{'title': 'جوجه کباب (یک سیخ)'}, {'title': 'کباب کوبیده (یک سیخ)'}, {'title': 'ماءالشعیر خانواده عالیس استوایی'}]"
50591107.0,خیلی چرب بود برنجش باتوجه به اینکه کره هم داشت بازهم  برنج چرب شده بود,"[{'title': 'چلو کباب کوبیده'}, {'title': 'دوغ خانواده خوشگوار'}]"
50722967.0,اکی بود,[{'title': 'خورشت قورمه سبزی (اضافه)'}]
50768908.0,"غذاشون عالی بود
سرعت آماده کردنشون زودتر از موعد آماده کردن
کیفیتش عالی بود","[{'title': 'زرشک پلو با مرغ ربی (ران)'}, {'title': 'نوشابه بطری کوکا کولا'}]"
50633402.0,"کل سوپ ریخته بود داخل کیسه!
ظرف بسته بندی سوپ بسیار نامناسب بود","[{'title': 'چلو جوجه کباب'}, {'title': 'سوپ جو یک کیلوگرم'}]"
50639812.0,"سلام و خسته نباشید خدمت شما.
بنده اهل شهر قم هستم مسافر بودم و از این رستوران سفارش دادم، کیفیت قرمه سبزی و سوپ واقعا فوق العاده بود ممنون سفارش به موقع رسید.","[{'title': 'خورشت قورمه سبزی (اضافه)'}, {'title': 'سوپ جو یک کیلوگرم'}]"
52614041.0,کیفیت پایین، مغایرت در سفارش.من مرغ خوراک با نون سفارس دارم ، برا من مرغ سرخ کرده بدون نون با خیار شور فرستادن، مگه من مسخره شمام,"[{'title': 'سوپ جو یک نفره'}, {'title': 'خوراک مرغ ربی (ران)'}, {'title': 'چلو کره'}, {'title': 'نوشابه بطری پپسی'}]"
52000017.0,برنج خیلی خشک بود و روعن نریخته بودن کلن همچنین نمک,[{'title': 'چلو جوجه کباب'}]
51329079.0,جوجه و سوپ خوب بود بر نج کیفیت نداشت,"[{'title': 'سوپ جو یک کیلوگرم'}, {'title': 'چلو جوجه کباب اقتصادی'}]"
49382847.0,"به نظرم استانبولی رو با هر چی مونده بود درست کرده بودن و خیلی شفته شده بود
روی سفارش ها هم اگر با غذا ماست یا سالاد بود نمیفرستادن","[{'title': 'استامبولی با گوشت'}, {'title': 'چلو کباب بختیاری'}, {'title': 'نوشابه بطری فانتا پرتقالی'}, {'title': 'نوشابه بطری سون آپ'}]"
51430900.0,"چلو کبابش یک سیخ داشت
کوبیده ش خشک بود
دیدگاهی که در مورد رستوران مینا داشتم کلا برام عوض شد
چون برعکس همه غذاهای دیگه شون که خیلی عالیست
کبابش خیلی کم بود
و اصلا کوبیده شون کیفی نداشت","[{'title': 'چلو کباب کوبیده اقتصادی'}, {'title': 'نوشابه خانواده کوکا کولا'}]"
52052274.0,مشخصا غذا مانده و سرد بود..ارزان بی کیفیت,"[{'title': 'چلو جوجه کباب'}, {'title': 'نان'}]"
52647615.0,"کیفیت به شدت پایین اومده آقای رستوران مینا 
ممنون از اسنپ فود عزیز",[{'title': 'چلو خورشت قورمه سبزی'}]
52143584.0,سلام.برنج اضافی گذاشتید .شماره کارت بدید واریز کنم,"[{'title': 'سوپ جو یک کیلوگرم'}, {'title': 'جوجه کباب (یک سیخ)'}]"
52895723.0,۱۰ دقیقه زودتر از زمان تعیین شده غذا رو بهم رسوندن با کیفیت عالی,"[{'title': 'جوجه کباب (یک سیخ)'}, {'title': 'پک قاشق چنگال'}, {'title': 'خوراک جوجه کباب'}, {'title': 'پک قاشق چنگال'}, {'title': 'زیتون پرورده'}, {'title': 'چلو کره'}, {'title': 'آب معدنی بزرگ دسانی'}]"
50900084.0,سلام همه چی خوب بود فقط نام بسیار بسیار کم بود غذارو خالی خوردم,"[{'title': 'خوراک کباب وزیری'}, {'title': 'نوشابه بطری کوکا کولا'}]"
52579221.0,عالی بود ممنون,[{'title': 'چلو جوجه کباب'}]
52522279.0,داخل عکس دو سیخ کباب بود ولی ارسال با یک سیخ شد و سرد بود غذا,[{'title': 'چلو کباب کوبیده اقتصادی'}]
52797608.0,"کیفیت عالی
حجم نسبت ب قیمت خوب 
خوشمزه بود 
ب جزئیات توجه شده بود و رفتار پیک عالی بود 
تشکر","[{'title': 'خوراک کباب کوبیده'}, {'title': 'پک قاشق چنگال'}, {'title': 'کباب کوبیده (یک سیخ)'}, {'title': 'دوغ لیوانی خوشگوار'}, {'title': 'ترشی مخلوط'}]"
51656629.0,سردبودمثل اینکه ازظهربوده شب فرستادن,[{'title': 'چلو جوجه کباب'}]
51545735.0,غذا بسیار عالی و خوش مزه بود,"[{'title': 'زرشک پلو با مرغ ربی (ران)'}, {'title': 'چلو کباب کوبیده'}, {'title': 'نان'}, {'title': 'پک قاشق چنگال'}, {'title': 'آب معدنی کوچک دسانی'}, {'title': 'ماست موسیر'}]"
52234227.0,سلام خسته نباشیدمقدار غذا کم بود پلو مرغ به اندازه یک پیشدستی بود و سوپ کیفیت نداشت وبیشتر آب بود,"[{'title': 'سوپ جو دو کیلوگرم'}, {'title': 'زرشک پلو با مرغ ربی (ران)'}]"
52593794.0,عالی بود غذا خیلی کیفیتش خوب بود و کباب خوشمزه بود ممنونم,"[{'title': 'چلو کباب کوبیده'}, {'title': 'پک قاشق چنگال'}, {'title': 'نوشابه خانواده کوکا کولا'}, {'title': 'زیتون پرورده'}]"
51789818.0,"داغ و خوب 
سوپش هم خوب بود","[{'title': 'چلو جوجه کباب'}, {'title': 'پک قاشق چنگال'}, {'title': 'ماست موسیر'}, {'title': 'سوپ جو یک نفره'}, {'title': 'زرشک پلو با مرغ ربی (ران)'}, {'title': 'چلو کباب کوبیده اقتصادی'}, {'title': 'نوشابه خانواده کوکا کولا'}]"
49280792.0,جوجه های بوی ماندگی میداد و خام بود,[{'title': 'چلو جوجه کباب'}]
49345833.0,"خوب بود ولی گوشت کمی سفت بود
اما حجم غذا متناسب بود
لطف کردن یک سالاد هم جدا از سفارش گذاشته بودن
که متشکرم درمجموع چون تخفیف داشت راضی بودم","[{'title': 'چلو کباب بختیاری'}, {'title': 'نان'}, {'title': 'ماست ساده'}, {'title': 'ماءالشعیر خانواده عالیس استوایی'}]"
49280830.0,جوجه های بوی ماندگی میداد و خام بود,[{'title': 'چلو جوجه کباب'}]
49280856.0,جوجه های بوی ماندگی میداد و خام بود,[{'title': 'چلو جوجه کباب'}]
49074359.0,کیفیت پایین و سرد بودن برنج,[{'title': 'چلو کباب وزیری'}]
49040948.0,همه چیز خوب بود فقط کباب ها سرد بودن,"[{'title': 'کباب کوبیده (یک سیخ)'}, {'title': 'سوپ جو یک نفره'}]"
48431271.0,"مرررررسی رستوران مینا ، همیشه تو منطقه امام رضا و امام خمینی و خیابان جمهوری تک هستید و مرررررسی از غذاهای عاااااالی تون 
ممنون فوق‌العاده هستین",[{'title': 'کباب کوبیده (یک سیخ)'}]
48734163.0,کیفیت افتضاح غذا . غذا خیلی خیلی بد بود . بجای سالاد زیتون فرستادن,"[{'title': 'زرشک پلو با مرغ ربی (ران)'}, {'title': 'نوشابه بطری پپسی'}, {'title': 'سالاد فصل'}]"
48746260.0,افتضاح,"[{'title': 'خوراک کباب برگ مخصوص'}, {'title': 'دوغ لیوانی خوشگوار'}]"
48867378.0,"پاچین ها سوخته بود متاسفانه و حجمش کم بود
اما طعمش خوب بود","[{'title': 'خوراک پاچین'}, {'title': 'خورشت قورمه سبزی (اضافه)'}]"
49034136.0,نسبت به قیمت خوب بود و,[{'title': 'چلو جوجه کباب'}]
48657087.0,فقط برا یدونه غذا کره نداشتن.وگرنه خوب بود,"[{'title': 'چلو کباب کوبیده'}, {'title': 'نان'}, {'title': 'چلو کباب کوبیده'}]"
48943553.0,ممنون داغ وخوشمزه بود وسریع هم ارسال شدپررزوق وروزی باشید,"[{'title': 'کباب کوبیده (یک سیخ)'}, {'title': 'چلو کره'}]"
48875842.0,عالی نبود ، ولی خوب بود . جوجه ها اگه پخته تر بود بهتر بود,[{'title': 'چلو جوجه کباب'}]
16148854.0,سلام_من زرشک پلو بامرغ وچلوکوبیده سفارش دادم_ران مرغ بسیاااااااااار کوچک بود وشور_کوبیده هم کیفیت پایین و شور بود,"[{'title': 'زرشک پلو با مرغ'}, {'title': 'چلو کباب کوبیده'}, {'title': 'نوشابه خانواده کوکا کولا'}]"
17846653.0,سریع بدستم رسید و شود داغ بود عالی,"[{'title': 'سوپ جو'}, {'title': 'سالاد فصل'}]"
36261297.0,کوبیده ای گرفتم کمی بو میداد و خشک بود,"[{'title': 'دوغ خانواده آبعلی'}, {'title': 'سالاد فصل'}, {'title': 'سس مایونز'}, {'title': 'سوپ جو یک نفره'}, {'title': 'چلو کباب لقمه'}, {'title': 'نان'}, {'title': 'ماست موسیر'}, {'title': 'زیتون پرورده'}]"
19561400.0,کباب برگ نپخته و سفت بود و سرد ,"[{'title': 'خوراک کباب برگ'}, {'title': 'کباب کوبیده (یک سیخ)'}]"
43610312.0,نسبت به قبل کیفیت اومده بود پایین.,[{'title': 'خورشت قورمه سبزی (اضافه)'}]
49847485.0,خوب بود,[{'title': 'زرشک پلو با مرغ ربی (ران)'}]
50428239.0,فقط آب سبزی بود و به نظرم افتضاح ترین قرمه سبزی بود که دیدم تا حالا,[{'title': 'چلو خورشت قورمه سبزی'}]
50461724.0,واقعا عالی و خیلی خوش طعم بود,[{'title': 'چلو جوجه کباب'}]
50454034.0,عالی بود,"[{'title': 'چلو کباب برگ مخصوص'}, {'title': 'چلو کباب سلطانی'}, {'title': 'ماست ساده'}, {'title': 'ماست موسیر'}, {'title': 'خوراک کباب بختیاری'}]"
50466168.0,درود بی کران بر مدیر و کارکنان خوب رستوران,[{'title': 'زرشک پلو با مرغ ربی (ران)'}]
50434454.0,خوب بود,"[{'title': 'چلو جوجه کباب'}, {'title': 'ترشی لیته'}]"
50526750.0,همه چی عالی بود,[{'title': 'چلو جوجه کباب'}]
50526717.0,کیفیت غذاشون پیشرفت چشم گیری داشته از طعم و مزه جوجه تا نوع برنج هم چنین دورچین تازه و فلفل کبابی تند و خوشمزه با تشکر,[{'title': 'چلو جوجه کباب'}]
50497342.0,خیلی خوب بود,"[{'title': 'چلو کباب کوبیده'}, {'title': 'نان'}]"
52233825.0,عالی,[{'title': 'چلو خورشت قیمه'}]
52882978.0,در یک کلام میشه گفتش ..... افتضاااااااح,[{'title': 'چلو جوجه کباب'}]
52736448.0,چرا وقتي برنج هندي ميدين نمينويسين برنج هنديه ؟؟؟؟؟؟؟نه ايراني,[{'title': 'چلو جوجه کباب'}]
52896352.0,استامبولی خوشمزه و به اندازه دو نفر بود  متشکرم.,"[{'title': 'استامبولی با گوشت'}, {'title': 'کباب کوبیده (یک سیخ)'}]"
51233443.0,کباب لقمه وکوبیده سفارش دادم بشدت شور بود خورده نمیشه اصلا,"[{'title': 'کباب کوبیده (یک سیخ)'}, {'title': 'خوراک کباب لقمه'}]"
51125170.0,همه چی عالی بود باتشکر از کارکنان رستوران,[{'title': 'زرشک پلو با مرغ ربی (ران)'}]
51427520.0,"بد ترین جوجه کبابی بود ب عمرم خوردم 
بوی بد جوجه 
خشک بودن جوجه و برنج 
سوخته بودن جوجه 
از همه لحاظ ضعیف","[{'title': 'چلو جوجه کباب'}, {'title': 'نان'}]"
52284647.0,عالی عالی همیشه بی نظیر,[{'title': 'چلو کره'}]
51188175.0,کیفیت کوبیده پایین بود,"[{'title': 'چلو کباب وزیری'}, {'title': 'چلو کباب سلطانی'}]"
52049461.0,عالی بی نقص,"[{'title': 'استامبولی با گوشت'}, {'title': 'لیموناد خانواده زمزم'}]"
51490473.0,همه چی خوب وعالی,[{'title': 'چلو جوجه کباب اقتصادی'}]
49785113.0,سلام جوجه ها بوی سوختگی خیلی زیادی میداد و خشک بود جوری ک کل غذا بوی سوختگی میدادن,[{'title': 'چلو جوجه کباب'}]
49743361.0,خیلی دیر غذا ارسال شد. غذا سرد شده بود. گوشت خوب پخته نشده بود و خام بود.,"[{'title': 'چلو کباب وزیری'}, {'title': 'نان'}, {'title': 'پک قاشق چنگال'}, {'title': 'چلو کباب برگ مخصوص'}, {'title': 'نان'}, {'title': 'پک قاشق چنگال'}, {'title': 'آب معدنی بزرگ'}, {'title': 'دوغ لیوانی خوشگوار'}, {'title': 'آب معدنی کوچک دسانی'}, {'title': 'زیتون پرورده'}]"
49784060.0,خوب بود,"[{'title': 'خوراک جوجه کباب'}, {'title': 'پک قاشق چنگال'}, {'title': 'چلو کره'}, {'title': 'پک قاشق چنگال'}, {'title': 'کباب کوبیده (یک سیخ)'}]"
49773479.0,"سلام 
عالی بود تایم ارسال به موقع و غذا کاملا گرم تحویل گرفتم",[{'title': 'چلو خورشت قورمه سبزی'}]
49346837.0,سلام خوب بود فقط نمی دونم چرا چلو ساده ته دیگ نداشت!!!,[{'title': 'چلو کره'}]
49779309.0,خوب و خوشمزه. دستمریزاد,[{'title': 'خوراک کباب کوبیده'}]
49449304.0,"بهتره از ظروف آلومینیومی استفاده کنید
ظروف پلاستیکی طعم غذا رو تغییر میده",[{'title': 'چلو جوجه کباب'}]
49605656.0,"کیفیت بسیار پایین. بسته بندی نامناسب .برنج شفته شده بود . بسیار پشیمونم از سفارشم
.","[{'title': 'چلو کباب کوبیده'}, {'title': 'آب معدنی بزرگ'}]"
49255740.0,دورچین نداشت,[{'title': 'زرشک پلو با مرغ ربی (ران)'}]
49340233.0,قرمه سبزی خوب_برنج خوب ولی کره نگذاشته بودن_استامبولی نمکش کمی زیاد بود_بجای ترشی لیته .بندری گذاشته خوب بود_یک ماست اضافه گذاشته بودن_سوپ خوب_ممنون,"[{'title': 'خوراک مرغ ربی (ران)'}, {'title': 'خوراک کباب وزیری'}]"
49612137.0,عالی کیفیت و حجم غذا عالی بود ممنونم,"[{'title': 'چلو کباب وزیری'}, {'title': 'نان'}, {'title': 'ماءالشعیر خانواده عالیس لیمو'}]"
49964908.0,خوب بود ممنون,[{'title': 'زرشک پلو با مرغ ربی (ران)'}]
49952538.0,"غذای گرم و تازه خوش طعم
ممنون از مدیریت و پرسنل وسرآشپز،سال خوبی و پر برکتی داشته باشید.","[{'title': 'چلو جوجه کباب'}, {'title': 'چلو کباب سلطانی'}]"
50160034.0,عالی بینظیر,[{'title': 'چلو جوجه کباب'}]
50723565.0,من راضی بودم ممنون,[{'title': 'چلو کره'}]
49783974.0,من معمولا هیچ نظری در اسنپ فود ثبت نمیکنم ولی الحق و الانصاف اینقدر کیفیت کوبیده افتضاح بود که جا خوردم!,"[{'title': 'چلو کباب کوبیده'}, {'title': 'ماءالشعیر خانواده عالیس استوایی'}]"
49703508.0,دو جوجه کباب سفارش داده بودم یکی تحویل دادند خواستم از پیک تحویل نگیرم که پیک گفت اعلام مغایرت کنید.,"[{'title': 'چلو جوجه کباب'}, {'title': 'چلو خورشت قیمه'}, {'title': 'چلو کباب وزیری'}]"
49990025.0,غذا عالی بود ممنون,"[{'title': 'سوپ جو یک کیلوگرم'}, {'title': 'کباب کوبیده (یک سیخ)'}, {'title': 'جوجه کباب (یک سیخ)'}]"
49757123.0,کیفیت بسیار پایین است بدون طعم بود و دورچین نداشت فقط پیاز گذاشته بودند,"[{'title': 'چلو جوجه کباب'}, {'title': 'خوراک جوجه کباب'}]"
49770998.0,نصف اقلامی که گذاشته از جمله دو. چین نبود. غذا بسیار بسیار سرد بود و کیفیت پایین اصلا ارزش نداشت,[{'title': 'خوراک کباب برگ مخصوص'}]
49877998.0,غذا کاملاً سرد بود هم کباب هم برنج. کباب هم کاملاً طعم خاک میداد، توی چند سال گذشته غذا به این افتضاحی از اسنپ فود نگرفته بودم,"[{'title': 'چلو کباب کوبیده'}, {'title': 'ماءالشعیر خانواده عالیس استوایی'}]"
49802462.0,کیفیت کوبیده و برنج به طرز عجیبی پایین بود!,"[{'title': 'کباب کوبیده (یک سیخ)'}, {'title': 'چلو کره'}, {'title': 'ماست ساده'}]"
49837775.0,افتضاح بود کباب بوی بسیار بدی میداد و مونده بود برنج بسیار بی کیفیت و افتضاح یک لقمه نخوردیم انداختیم سطل اشغال,[{'title': 'چلو کباب لقمه'}]
50114829.0,خورشت خوشمزه بود,"[{'title': 'ترشی لیته'}, {'title': 'چلو خورشت قیمه'}, {'title': 'چلو خورشت قورمه سبزی'}]"
50092304.0,ممنون گرم بود,"[{'title': 'زرشک پلو با مرغ ربی (ران)'}, {'title': 'نوشابه بطری کوکا کولا'}]"
50068136.0,یاد غذا های دوران دانشگاهم افتادم خدا خیرتون بده.,[{'title': 'چلو خورشت قورمه سبزی'}]
50089534.0,عالی بود حرف نداشت.,"[{'title': 'چلو جوجه کباب'}, {'title': 'نان'}]"
50113144.0,برنج خارجی بود,"[{'title': 'چلو خورشت قیمه'}, {'title': 'چلو خورشت قورمه سبزی'}]"
50088692.0,سلام خیلی خیلی خوب بود ممنونم عالی بود,[{'title': 'زرشک پلو با مرغ ربی (ران)'}]
49985183.0,خوب غذا لذیذ بود یک مقدار کم نمک بود دورچین هم نداشت,"[{'title': 'چلو کباب سلطانی'}, {'title': 'چلو کره'}, {'title': 'پک قاشق چنگال'}]"
50071513.0,با توچه ب قیمت خوب بود,"[{'title': 'چلو کباب برگ مخصوص'}, {'title': 'نان'}, {'title': 'چلو کباب وزیری'}, {'title': 'نان'}]"
50113638.0,خیلی عالی بود هم کیفیت غذا هم مدت زمان تحویل,"[{'title': 'سوپ جو یک کیلوگرم'}, {'title': 'چلو کباب کوبیده'}, {'title': 'ماست موسیر'}, {'title': 'نوشابه بطری پپسی'}]"
50115175.0,کوبیده خوب پخته نشده و غذا کاملا سرد بود,"[{'title': 'چلو خورشت قیمه'}, {'title': 'خوراک کباب وزیری'}, {'title': 'زیتون پرورده'}]"
50072890.0,ممنونم. حجم غذا خوب و عالی بود. برنج اضافه هم ارسال کردن.,"[{'title': 'چلو کباب برگ مخصوص'}, {'title': 'نان'}, {'title': 'پک قاشق چنگال'}, {'title': 'جوجه کباب (یک سیخ)'}, {'title': 'پک قاشق چنگال'}, {'title': 'ماست موسیر'}]"
49995471.0,سلام سوپ معمولی بود و نوشابه خانواده که سفارش دادم بدون اطلاع تبدیل شد به ۳ تا نوشابه کوچیک یک نفره ،و وقتی گفتیم نمی خوایم گفتن باید کل سفارش کنسل بشه یا پول رو بعدا برید از رستوران تحویل بگیرید ،و در واقع مجبور شدیم نوشابه هارو تحویل بگیریم,"[{'title': 'سوپ جو دو کیلوگرم'}, {'title': 'نوشابه خانواده اسپرایت'}]"
50852903.0,کیفیت عالیی,[{'title': 'چلو جوجه کباب'}]
50918489.0,خوب و خوش مزه,[{'title': 'چلو جوجه کباب'}]
50973312.0,مثل همیشه عالی بود,[{'title': 'چلو جوجه کباب'}]
50786079.0,ما گروهی بودیم که استفاده کردیم بسیار چرب و بد مزه بود گویا با روغن میخواستند به غذایشان طعم بدهند. در ثانی سوپ بیشتر برای مریضی و باز شدن معده استفاده می شود اما آنقدر در روغن بود که حتی حال سالم را هم بد می کرد و مرغ هم در روغن غوطه ور بود به حدی که قابل خوردن نبود.,"[{'title': 'زرشک پلو با مرغ ربی (ران)'}, {'title': 'خوراک مرغ ربی (ران)'}, {'title': 'نان'}, {'title': 'سوپ جو دو کیلوگرم'}]"
50974333.0,من سفارش رو طبق توضیحاتی که نوشتید سفارش دادم اما کلا مغایرت داشت !!!,[{'title': 'کباب کوبیده (یک سیخ)'}]
52000775.0,یه رستوران خوب و غذای با کیفیت واسه ما که مهمان بودیم و مشکل پسندیم,"[{'title': 'ماست موسیر'}, {'title': 'چلو کباب کوبیده اقتصادی'}, {'title': 'چلو جوجه کباب اقتصادی'}]"
52436015.0,من جوجه سفارش دادم نسبت به قیمتش فوق العاده عالی بود نرم و مزه دار شده و برنج هم به نسبت قیمت خوب بود.واقعا دوست داشتم نمره ۵ رو بهشون بدم و دادم.فقط کمی سرد شده بود که باز هم چون کیفیت خوب بود مشکلی نداشت.ممنونم,[{'title': 'چلو جوجه کباب'}]
51631679.0,جوجه به شدت بوی بد دود میداد.,[{'title': 'چلو جوجه کباب'}]
51790172.0,خیلی خوب و قیمت مناسب,"[{'title': 'چلو خورشت قورمه سبزی'}, {'title': 'سوپ جو دو کیلوگرم'}, {'title': 'استامبولی با گوشت'}]"
52125546.0,بسیار افتضاح جوجه کلا خام بود,"[{'title': 'چلو جوجه کباب'}, {'title': 'ماءالشعیر خانواده عالیس هلو'}]"
52493217.0,کیفیت غذا خیلی پایین بود,"[{'title': 'سالاد فصل'}, {'title': 'چلو خورشت قیمه'}, {'title': 'استامبولی با گوشت'}]"
51652525.0,خیلی خوب بود غذاشون بی نظیر,[{'title': 'چلو خورشت قورمه سبزی'}]
51857344.0,بسیار عالی و خوشمزه و خیلی زود به دستم رسید ممنونم,"[{'title': 'چلو کباب کوبیده اقتصادی'}, {'title': 'چلو خورشت قیمه'}]"
52013787.0,خوب بود ته دیگ می داشت بهتربود,[{'title': 'چلو جوجه کباب'}]
51106577.0,نوشته بودند جوجه 200گرمی کوچکتر بود ممنون,[{'title': 'چلو جوجه کباب'}]
51295769.0,"پیشنهادمیکنم. واقعا عالی بود مثل غذای حضوری شون که خوبه
(احمد-حسین)","[{'title': 'چلو جوجه کباب'}, {'title': 'نوشابه بطری کوکا کولا'}]"
51337100.0,غذا بسیار بد مزه و طعم بدی داشت ، برنج بسیار بی کیفیت,"[{'title': 'زرشک پلو با مرغ ربی (ران)'}, {'title': 'آب معدنی بزرگ'}]"
51005429.0,برنج بر کیفیت کته,[{'title': 'چلو جوجه کباب'}]
50234943.0,باتوجه قیمت خوبه,"[{'title': 'چلو خورشت قورمه سبزی'}, {'title': 'دوغ لیوانی خوشگوار'}]"
50638671.0,خوراک جوجه بی مزه اصلا طعم خوبی نداشت دورچین فقط پیاز و یکم خیارشور . سالاد فصل فقط همش کلم بود .,"[{'title': 'جوجه کباب (یک سیخ)'}, {'title': 'سالاد فصل'}]"
52147192.0,به نظرم خوب بود ما مسافر بودیم خوب بود,"[{'title': 'چلو کباب وزیری'}, {'title': 'نوشابه بطری میرندا پرتقالی'}]"
51636593.0,کم نمک بود,"[{'title': 'چلو جوجه کباب'}, {'title': 'نان'}, {'title': 'پک قاشق چنگال'}]"
51235462.0,هرچند پیک نیم ساعت دیر اومد ولی غذا واقعا عالی و گرم بود و اینکه من خوراک مرغ سفارش دادم برام چلو مرغ آوردن,"[{'title': 'خوراک مرغ سرخ شده (ران)'}, {'title': 'زیتون پرورده'}, {'title': 'ماءالشعیر شیشه ای هی دی  لیمو'}]"
52563686.0,من سيني اقتصادي سفارش دادم ممنونم ازشون هم سريع ارسال شد و هم خوشمزه بود,[{'title': 'چلو کباب کوبیده اقتصادی'}]
